变动类型,平台,套餐,字段,上期,本期
字段变动,Agnes,Plus,平台状态 · 状态,未收录,在售
字段变动,Agnes,Pro,平台状态 · 状态,未收录,在售
字段变动,Agnes,Starter,平台状态 · 状态,未收录,在售
字段变动,Aider,开源,平台状态 · 状态,未收录,在售
字段变动,Amazon Q Developer,Free,平台状态 · 状态,未收录,在售
字段变动,Amazon Q Developer,Pro,平台状态 · 状态,未收录,在售
字段变动,Augment Code,Business,平台状态 · 状态,未收录,在售
字段变动,Cline,Teams / ClinePass,平台状态 · 状态,未收录,在售
字段变动,CodeBuddy,个人 / 企业,平台状态 · 状态,未收录,在售
字段变动,CodeGeeX,免费 / Pro,平台状态 · 状态,未收录,在售
字段变动,Cursor,Hobby,平台状态 · 状态,未收录,在售
字段变动,Cursor,Pro,平台状态 · 状态,未收录,在售
字段变动,Cursor,Pro+,平台状态 · 状态,未收录,在售
字段变动,Cursor,Teams Premium,平台状态 · 状态,未收录,在售
字段变动,Cursor,Teams Standard,平台状态 · 状态,未收录,在售
字段变动,Cursor,Ultra,平台状态 · 状态,未收录,在售
字段变动,Devin,Pro / Team,平台状态 · 状态,未收录,在售
字段变动,Gemini Code Assist,Enterprise,平台状态 · 状态,未收录,在售
字段变动,Gemini Code Assist,Standard,平台状态 · 状态,未收录,在售
字段变动,GitCode AtomCode,Lite / Pro / Max,平台状态 · 状态,未收录,在售
字段变动,JetBrains AI,AI Pro / Ultimate,平台状态 · 状态,未收录,在售
字段变动,Kimi Code（国际版）,付费档,平台状态 · 状态,未收录,在售
字段变动,Replit,Starter / Core,平台状态 · 状态,未收录,在售
字段变动,Sourcegraph Cody / Amp,Enterprise,平台状态 · 状态,未收录,在售
字段变动,Tabnine,Agentic Platform,平台状态 · 状态,未收录,在售
字段变动,Tabnine,Code Assistant,平台状态 · 状态,未收录,在售
字段变动,Windsurf / Devin Desktop,Free,平台状态 · 状态,未收录,在售
字段变动,Windsurf / Devin Desktop,Max,平台状态 · 状态,未收录,在售
字段变动,Windsurf / Devin Desktop,Pro,平台状态 · 状态,未收录,在售
字段变动,Windsurf / Devin Desktop,Teams,平台状态 · 状态,未收录,在售
字段变动,Zed,Personal / Pro / Business,平台状态 · 状态,未收录,在售
字段变动,ZenMux,Max,平台状态 · 状态,未收录,在售
字段变动,ZenMux,Pro,平台状态 · 状态,未收录,在售
字段变动,ZenMux,Ultra,平台状态 · 状态,未收录,在售
字段变动,九章智算云,TokenPlan 入门版,平台状态 · 状态,未收录,在售
字段变动,九章智算云,TokenPlan 旗舰版,平台状态 · 状态,未收录,在售
字段变动,九章智算云,TokenPlan 进阶版,平台状态 · 状态,未收录,在售
字段变动,国家超算中心,Coding Plan Lite,平台状态 · 状态,未收录,在售
字段变动,国家超算中心,Coding Plan Pro,平台状态 · 状态,未收录,在售
字段变动,文心快码 Comate,个人 / 企业,平台状态 · 状态,未收录,在售
字段变动,通义灵码,个人 / 企业,平台状态 · 状态,未收录,在售
